population,baseline_fi_band,state,trajectory_n,known_outcome_n,disability_events,disability_risk,risk_low,risk_high
Pooled,>=0.25,coupled,2240,2009,335,0.16674962667994028,0.15108912140936606,0.183682132366126
Pooled,>=0.25,preserved_low,2020,1823,223,0.12232583653318706,0.10807372240721656,0.13816628744623094
Pooled,>=0.25,ic_decline_only,2581,2339,369,0.15775972637879435,0.14355000408171995,0.1730917627043739
Pooled,>=0.25,fi_accumulation_only,1442,1305,205,0.15708812260536398,0.13835523366058308,0.17783390905925237
Pooled,<0.125,fi_accumulation_only,1471,1346,128,0.0950965824665676,0.08055738127339007,0.11194037994347747
Pooled,<0.125,preserved_low,1232,1118,57,0.050983899821109124,0.03955824236541413,0.06548463859975526
Pooled,<0.125,ic_decline_only,1422,1288,67,0.05201863354037267,0.0411683059988781,0.06553322295385257
Pooled,<0.125,coupled,2102,1903,195,0.1024697845507094,0.08963536917455601,0.11690590199345681
Pooled,0.125-<0.25,coupled,2053,1826,215,0.11774370208105148,0.1037568792916392,0.1333354965146771
Pooled,0.125-<0.25,fi_accumulation_only,1386,1259,131,0.10405083399523431,0.0883724133230196,0.12213814361494349
Pooled,0.125-<0.25,ic_decline_only,1632,1488,125,0.08400537634408602,0.07095961173860701,0.0991934948933515
Pooled,0.125-<0.25,preserved_low,1301,1184,91,0.07685810810810811,0.06301711283574929,0.09343597056243433
CHARLS,0.125-<0.25,preserved_low,315,292,42,0.14383561643835616,0.10820575181779127,0.1887149677150777
CHARLS,0.125-<0.25,ic_decline_only,389,365,53,0.14520547945205478,0.11275697640432888,0.1850443043190825
CHARLS,0.125-<0.25,fi_accumulation_only,533,501,74,0.14770459081836326,0.11931927227054062,0.1814513086072554
CHARLS,0.125-<0.25,coupled,746,681,119,0.17474302496328928,0.14806784156843836,0.20506711500552297
CHARLS,<0.125,coupled,1111,1027,129,0.12560856864654332,0.10672481970995668,0.14728267735001477
CHARLS,<0.125,ic_decline_only,487,452,44,0.09734513274336283,0.07331571200400575,0.12816104497702194
CHARLS,<0.125,fi_accumulation_only,756,708,96,0.13559322033898305,0.11233317908426332,0.16278631050706244
CHARLS,<0.125,preserved_low,389,361,27,0.07479224376731301,0.05190798631832022,0.10663062661141545
CHARLS,>=0.25,coupled,411,378,101,0.2671957671957672,0.2250932420870227,0.313982476553979
CHARLS,>=0.25,ic_decline_only,443,411,97,0.2360097323600973,0.19751959247158743,0.2793890062569852
CHARLS,>=0.25,fi_accumulation_only,353,321,76,0.2367601246105919,0.19354125267531672,0.2862049576343576
CHARLS,>=0.25,preserved_low,350,322,66,0.20496894409937888,0.16447841529993737,0.252415921327268
ELSA,>=0.25,coupled,515,437,78,0.17848970251716248,0.14543631187437303,0.21714632553974397
ELSA,>=0.25,preserved_low,491,439,49,0.11161731207289294,0.0854649970992315,0.14450773194899788
ELSA,>=0.25,ic_decline_only,702,620,74,0.11935483870967742,0.09615016795510792,0.14724734382253865
ELSA,>=0.25,fi_accumulation_only,273,237,32,0.1350210970464135,0.09729128028519561,0.1843938546283988
ELSA,<0.125,fi_accumulation_only,372,329,19,0.057750759878419454,0.037279846094226625,0.08843003082118084
ELSA,<0.125,preserved_low,479,428,22,0.0514018691588785,0.0341870159567415,0.07659775897279689
ELSA,<0.125,ic_decline_only,517,465,17,0.03655913978494624,0.022949011455205018,0.05776368600094378
ELSA,<0.125,coupled,443,390,32,0.08205128205128205,0.05871865846245737,0.11353709902898691
ELSA,0.125-<0.25,coupled,507,452,43,0.09513274336283185,0.07139552829286966,0.12569373834189992
ELSA,0.125-<0.25,fi_accumulation_only,338,296,22,0.07432432432432433,0.0495920849432816,0.10996376503443422
ELSA,0.125-<0.25,ic_decline_only,559,510,33,0.06470588235294118,0.04644203839980636,0.08947821019396353
ELSA,0.125-<0.25,preserved_low,425,375,13,0.034666666666666665,0.020369406636265807,0.05840090248879251
HRS,0.125-<0.25,ic_decline_only,684,613,39,0.0636215334420881,0.046886912222178265,0.08579135972335926
HRS,0.125-<0.25,coupled,800,693,53,0.07647907647907648,0.05894395232433765,0.09868366502005128
HRS,0.125-<0.25,fi_accumulation_only,515,462,35,0.07575757575757576,0.054973700112895,0.10353829452070469
HRS,0.125-<0.25,preserved_low,561,517,36,0.06963249516441006,0.05071849056694099,0.09489483866460055
HRS,<0.125,ic_decline_only,418,371,6,0.016172506738544475,0.0074325399924475635,0.03482921747305176
HRS,<0.125,preserved_low,364,329,8,0.0243161094224924,0.012371757481222382,0.04724058435562484
HRS,<0.125,fi_accumulation_only,343,309,13,0.042071197411003236,0.024748913820614553,0.07063952648773292
HRS,<0.125,coupled,548,486,34,0.06995884773662552,0.05049219235924372,0.09617048293503268
HRS,>=0.25,ic_decline_only,1436,1308,198,0.15137614678899083,0.13297499444273947,0.17181904612687293
HRS,>=0.25,fi_accumulation_only,816,747,97,0.12985274431057564,0.10762862774009867,0.1558643593565821
HRS,>=0.25,preserved_low,1179,1062,108,0.1016949152542373,0.0849285051004038,0.12133243267915945
HRS,>=0.25,coupled,1314,1194,156,0.1306532663316583,0.11271546780297954,0.15096004325475948
