population,definition,state,trajectory_gate_n,trajectory_gate_proportion,known_outcome_n,known_outcome_proportion,unknown_outcome_n,disability_events,disability_risk,risk_low,risk_high
ELSA,primary_sign,preserved_low,1395,0.24817648105319337,1242,0.24949779027721977,153,84,0.06763285024154589,0.05495838247289882,0.08297366145134032
ELSA,primary_sign,ic_decline_only,1778,0.3163138231631382,1595,0.3204098031337887,183,124,0.07774294670846395,0.0655932533766673,0.09192171312066913
ELSA,primary_sign,fi_accumulation_only,983,0.17487991460594202,862,0.17316191241462434,121,73,0.08468677494199536,0.06789329439554107,0.10516547669262483
ELSA,primary_sign,coupled,1465,0.2606297811777264,1279,0.2569304941743672,186,153,0.11962470680218922,0.10296875931534528,0.13855871603264427
CHARLS,primary_sign,preserved_low,1054,0.16775425752029285,975,0.1675545626396288,79,135,0.13846153846153847,0.11819708343302152,0.16156370556197844
CHARLS,primary_sign,ic_decline_only,1319,0.2099315613560401,1228,0.21103282350919403,91,194,0.15798045602605862,0.13865182600708525,0.1794422404126505
CHARLS,primary_sign,fi_accumulation_only,1642,0.26134012414451696,1530,0.2629317752191098,112,246,0.1607843137254902,0.14323124438890938,0.18003649359616614
CHARLS,primary_sign,coupled,2268,0.3609740569791501,2086,0.35848083863206737,182,349,0.1673058485139022,0.1519031418557694,0.18393164401202847
HRS,primary_sign,preserved_low,2104,0.2343506348852751,1908,0.23581757508342602,196,152,0.07966457023060797,0.06834233937157494,0.09267595919099728
HRS,primary_sign,ic_decline_only,2538,0.28269102249944306,2292,0.2832777159807193,246,243,0.10602094240837696,0.09406969996709064,0.11929061589387968
HRS,primary_sign,fi_accumulation_only,1674,0.18645578079750502,1518,0.18761586948461254,156,145,0.09552042160737813,0.0817385309509399,0.11134430111252476
HRS,primary_sign,coupled,2662,0.2965025618177768,2373,0.2932888394512421,289,243,0.10240202275600506,0.0908393925161589,0.11524985125853372
ELSA+CHARLS+HRS,primary_sign,preserved_low,4553,0.21803467100852408,4125,0.21839263024142314,428,371,0.08993939393939394,0.08158599595873518,0.09905582966218031
ELSA+CHARLS+HRS,primary_sign,ic_decline_only,5635,0.26984963126137346,5115,0.27080686149936467,520,561,0.10967741935483871,0.1014049188672477,0.1185357587016316
ELSA+CHARLS+HRS,primary_sign,fi_accumulation_only,4299,0.20587108514510105,3910,0.20700974163490046,389,464,0.11867007672634271,0.10890564973402622,0.12918305892344542
ELSA+CHARLS+HRS,primary_sign,coupled,6395,0.30624461258500146,5738,0.30379076662431176,657,745,0.12983617985360754,0.12138627907948824,0.13878138133646334
SHARE,primary_sign,preserved_low,6481,0.21388733045114022,5046,0.21571477428180574,1435,310,0.06143479984145858,0.05513711556679982,0.06839972492767027
SHARE,primary_sign,ic_decline_only,10785,0.3559288472327646,8340,0.35653214774281805,2445,542,0.06498800959232615,0.05989529280118081,0.07048128064997009
SHARE,primary_sign,fi_accumulation_only,4083,0.1347480281178839,3150,0.13466142270861833,933,252,0.08,0.07102956823497747,0.08999357305208952
SHARE,primary_sign,coupled,8952,0.29543579419821125,6856,0.29309165526675784,2096,606,0.08838973162193699,0.08189894859068315,0.09534151186592262
ELSA,cohort_median,preserved_low,1643,0.29229674435153885,1472,0.2957010847730012,171,101,0.06861413043478261,0.05679086531596349,0.0826830989031855
ELSA,cohort_median,ic_decline_only,1530,0.27219355986479277,1365,0.2742065086380072,165,107,0.07838827838827839,0.06528367238538985,0.09385927102631272
ELSA,cohort_median,fi_accumulation_only,1169,0.20797011207970112,1034,0.20771394134190438,135,84,0.08123791102514506,0.06609455550481891,0.09948127244096258
ELSA,cohort_median,coupled,1279,0.22753958370396726,1107,0.22237846524708718,172,142,0.12827461607949414,0.10985365667294995,0.14926654138508455
CHARLS,cohort_median,preserved_low,1619,0.25767945249084834,1514,0.26018216188348514,105,207,0.13672391017173052,0.12033536653392338,0.15495126264099798
CHARLS,cohort_median,ic_decline_only,1548,0.24637911825561037,1422,0.24437188520364322,126,208,0.14627285513361463,0.12885881152725798,0.16559290063430504
CHARLS,cohort_median,fi_accumulation_only,1523,0.24240012732770969,1413,0.24282522770235435,110,240,0.16985138004246284,0.15117363395772998,0.19031937911616664
CHARLS,cohort_median,coupled,1593,0.25354130192583163,1470,0.25262072521051726,123,269,0.18299319727891156,0.16406190097299342,0.2035770031831244
HRS,cohort_median,preserved_low,2480,0.2762307863666741,2244,0.27734519836855764,236,171,0.07620320855614973,0.06593525269711555,0.08791966329955629
HRS,cohort_median,ic_decline_only,2162,0.2408108710180441,1956,0.2417500926955877,206,224,0.11451942740286299,0.10115647107776521,0.12939353427449582
HRS,cohort_median,fi_accumulation_only,2012,0.22410336377812431,1827,0.22580645161290322,185,173,0.09469074986316366,0.08210280488824723,0.10897952893984875
HRS,cohort_median,coupled,2324,0.2588549788371575,2064,0.25509825732295144,260,215,0.10416666666666667,0.09171508066749026,0.11808894321938804
ELSA+CHARLS+HRS,cohort_median,preserved_low,5742,0.2749736615266737,5230,0.27689538331215585,512,479,0.0915869980879541,0.08406659823849873,0.09970692000586538
ELSA+CHARLS+HRS,cohort_median,ic_decline_only,5240,0.250933818599751,4743,0.2511118170266836,497,539,0.11364115538688593,0.10491985332981148,0.1229877918287161
ELSA+CHARLS+HRS,cohort_median,fi_accumulation_only,4704,0.22526577913992912,4274,0.22628123676408302,430,497,0.11628451099672438,0.10701667718993299,0.12624149014191033
ELSA+CHARLS+HRS,cohort_median,coupled,5196,0.2488267407336462,4641,0.24571156289707752,555,626,0.13488472312001723,0.12535821340029074,0.14501516100968254
SHARE,cohort_median,preserved_low,9228,0.30454440447509984,7153,0.30578830369357046,2075,427,0.05969523276946736,0.054437503751853134,0.06542563192840119
SHARE,cohort_median,ic_decline_only,8038,0.265271773208805,6233,0.26645861833105333,1805,425,0.06818546446334028,0.0621900739451653,0.07471279018217529
SHARE,cohort_median,fi_accumulation_only,5923,0.19547209663047424,4608,0.19699042407660738,1315,353,0.07660590277777778,0.06927446326853519,0.0846426791915635
SHARE,cohort_median,coupled,7112,0.23471172568562093,5398,0.23076265389876882,1714,505,0.09355316783994072,0.08607118467895505,0.10161323119096785
ELSA,meaningful_0.2SD,preserved_low,1779,0.31649172745063153,1598,0.32101245480112495,181,109,0.06821026282853566,0.056856527856918,0.08163499238630131
ELSA,meaningful_0.2SD,ic_decline_only,1433,0.25493684397793986,1273,0.25572519083969464,160,103,0.08091123330714847,0.06716141212667207,0.09718276496051792
ELSA,meaningful_0.2SD,fi_accumulation_only,1222,0.21739903931684754,1082,0.21735636801928485,140,89,0.0822550831792976,0.06732420255527004,0.10014173581310622
ELSA,meaningful_0.2SD,coupled,1187,0.21117238925458104,1025,0.20590598633989554,162,133,0.12975609756097561,0.11055874490358955,0.15171826241102518
CHARLS,meaningful_0.2SD,preserved_low,1412,0.22473340760783064,1313,0.22564014435470012,99,187,0.14242193450114243,0.12456039797871116,0.16236970760823816
CHARLS,meaningful_0.2SD,ic_decline_only,1141,0.18160114594938723,1051,0.18061522598384602,90,157,0.1493815413891532,0.1291090570038225,0.17220774862878777
CHARLS,meaningful_0.2SD,fi_accumulation_only,1927,0.30670062072258475,1796,0.30864409692387007,131,285,0.15868596881959912,0.14251846823277065,0.176310424172392
CHARLS,meaningful_0.2SD,coupled,1803,0.2869648257201974,1659,0.2851005327375838,144,295,0.17781796262808922,0.16016935412632183,0.19695516647701528
HRS,meaningful_0.2SD,preserved_low,2554,0.2844731566050345,2313,0.28587319243604004,241,173,0.07479463899697363,0.06476488079261175,0.08623442798131209
HRS,meaningful_0.2SD,ic_decline_only,2094,0.23323680106928046,1892,0.23384006921270548,202,222,0.11733615221987315,0.1036043843268929,0.13261866941900066
HRS,meaningful_0.2SD,fi_accumulation_only,2067,0.2302294497660949,1879,0.23223334569274504,188,177,0.09419904204364024,0.08180689203415935,0.10824705921292331
HRS,meaningful_0.2SD,coupled,2263,0.2520605925595901,2007,0.24805339265850945,256,211,0.10513203786746388,0.0924589616436145,0.11931380490280383
ELSA+CHARLS+HRS,meaningful_0.2SD,preserved_low,5745,0.2751173259266354,5224,0.27657772130453195,521,469,0.08977794793261869,0.08232452630152755,0.09783423831279885
ELSA+CHARLS+HRS,meaningful_0.2SD,ic_decline_only,4668,0.22354180634038884,4216,0.22321050402371875,452,482,0.11432637571157495,0.1050701904816326,0.12428474340992973
ELSA+CHARLS+HRS,meaningful_0.2SD,fi_accumulation_only,5216,0.24978450340005748,4757,0.251853028377806,459,551,0.1158293041833088,0.1070435918128222,0.12523498086928964
ELSA+CHARLS+HRS,meaningful_0.2SD,coupled,5253,0.2515563643329183,4691,0.24835874629394325,562,639,0.1362182903432104,0.1266994380311618,0.1463324566694278
SHARE,meaningful_0.2SD,preserved_low,8182,0.27002409161413815,6344,0.271203830369357,1838,385,0.06068726355611601,0.055073712882598116,0.06683252309394733
SHARE,meaningful_0.2SD,ic_decline_only,9176,0.3028282894953962,7106,0.30377906976744184,2070,470,0.06614128905150576,0.06059404691905023,0.0721573603081439
SHARE,meaningful_0.2SD,fi_accumulation_only,5135,0.16946635424573447,3988,0.17048563611491108,1147,304,0.07622868605817452,0.06839444439644693,0.08487854130009667
SHARE,meaningful_0.2SD,coupled,7808,0.2576812646447312,5954,0.25453146374829,1854,551,0.09254282835068861,0.08544237829750638,0.10016871364980874
ELSA,meaningful_0.5SD,preserved_low,2802,0.4984878135563067,2517,0.5056247488951386,285,161,0.06396503774334525,0.05505445498722005,0.07420455004879278
ELSA,meaningful_0.5SD,ic_decline_only,1203,0.2140188578544743,1052,0.21132985134592205,151,114,0.10836501901140684,0.09098645932109485,0.12859334300987812
ELSA,meaningful_0.5SD,fi_accumulation_only,1049,0.1866215975805017,930,0.18682201687424668,119,85,0.0913978494623656,0.07451966738500809,0.11163769067471072
ELSA,meaningful_0.5SD,coupled,567,0.10087173100871731,479,0.09622338288469265,88,74,0.1544885177453027,0.12488347056513124,0.18959130380813008
CHARLS,meaningful_0.5SD,preserved_low,2323,0.3697278370205316,2161,0.37136965114280807,162,290,0.13419713095788988,0.1204728402189708,0.1492196383880973
CHARLS,meaningful_0.5SD,ic_decline_only,1004,0.15979627566449148,913,0.15689981096408318,91,149,0.16319824753559695,0.140647332589518,0.18857148263393825
CHARLS,meaningful_0.5SD,fi_accumulation_only,1942,0.30908801527932517,1806,0.3103626052586355,136,292,0.16168327796234774,0.14542466720936462,0.17937806949207877
CHARLS,meaningful_0.5SD,coupled,1014,0.16138787203565175,939,0.16136793263447327,75,193,0.2055378061767838,0.18091610248574333,0.23255898940118722
HRS,meaningful_0.5SD,preserved_low,3986,0.44397415905546894,3609,0.4460511679644049,377,281,0.07786090329731228,0.06956084643354776,0.08705866352009312
HRS,meaningful_0.5SD,ic_decline_only,1920,0.2138560926709735,1727,0.21344703992089978,193,229,0.1325998841922409,0.11741730085725022,0.14941329559458721
HRS,meaningful_0.5SD,fi_accumulation_only,1898,0.21140565827578525,1714,0.2118403164009393,184,153,0.08926487747957992,0.07666892279560614,0.10369781432657374
HRS,meaningful_0.5SD,coupled,1174,0.13076408999777234,1041,0.12866147571375602,133,120,0.11527377521613832,0.09727277453512398,0.1361037408798715
ELSA+CHARLS+HRS,meaningful_0.5SD,preserved_low,9111,0.436308782683651,8287,0.4387441761965269,824,732,0.08833112103294316,0.08241053102082693,0.09463319440936396
ELSA+CHARLS+HRS,meaningful_0.5SD,ic_decline_only,4127,0.19763432621396418,3692,0.19546802202456587,435,492,0.13326110509209102,0.12267877560786322,0.144605811630872
ELSA+CHARLS+HRS,meaningful_0.5SD,fi_accumulation_only,4889,0.2341250838042333,4450,0.2355993223210504,439,530,0.11910112359550562,0.10991132599105073,0.1289479752788203
ELSA+CHARLS+HRS,meaningful_0.5SD,coupled,2755,0.13193180729815152,2459,0.13018847945785683,296,387,0.15738104920699472,0.14352344996184532,0.17230745991456844
SHARE,meaningful_0.5SD,preserved_low,13030,0.43001881126035446,10100,0.4317715458276334,2930,571,0.056534653465346536,0.052196861974817675,0.06120965410034996
SHARE,meaningful_0.5SD,ic_decline_only,8527,0.28140985446024885,6565,0.2806515047879617,1962,463,0.07052551408987053,0.0645800832394418,0.07697325834290002
SHARE,meaningful_0.5SD,fi_accumulation_only,4600,0.15181017128147586,3578,0.15295827633378933,1022,315,0.08803801006148687,0.07918995153880928,0.09776971183763278
SHARE,meaningful_0.5SD,coupled,4144,0.13676116299792085,3149,0.1346186730506156,995,361,0.11463956811686249,0.10397868712151341,0.1262395044053741
