population,definition,trajectory_gate_n,ic_cut,fi_cut,delta_ic_sd,delta_fi_sd,delta_ic_median,delta_fi_median,reclassified_n_vs_sign,reclassified_fraction_vs_sign
ELSA,primary_sign,5621,0.0,0.0,0.40698985805962573,0.08399423682233938,-0.05791437071663874,0.0,0,0.0
CHARLS,primary_sign,6283,0.0,0.0,0.5275868950312198,0.09585052904444435,-0.07458716988728384,0.03125,0,0.0
HRS,primary_sign,8978,0.0,0.0,0.4090854553230727,0.09196249648374544,-0.06291010997739155,0.0,0,0.0
SHARE,primary_sign,30301,0.0,0.0,0.4076613855921611,0.08427273599862736,-0.13438508412367983,0.0,0,0.0
ELSA,cohort_median,5621,-0.05791437071663874,0.0,0.40698985805962573,0.08399423682233938,-0.05791437071663874,0.0,434,0.07721046077210461
CHARLS,cohort_median,6283,-0.07458716988728384,0.03125,0.5275868950312198,0.09585052904444435,-0.07458716988728384,0.03125,1186,0.18876332961960846
HRS,cohort_median,8978,-0.06291010997739155,0.0,0.4090854553230727,0.09196249648374544,-0.06291010997739155,0.0,714,0.07952773446201827
SHARE,cohort_median,30301,-0.13438508412367983,0.0,0.4076613855921611,0.08427273599862736,-0.13438508412367983,0.0,4587,0.15138114253654994
ELSA,meaningful_0.2SD,5621,-0.08139797161192515,0.016798847364467875,0.40698985805962573,0.08399423682233938,-0.05791437071663874,0.0,660,0.11741682974559686
CHARLS,meaningful_0.2SD,6283,-0.10551737900624397,0.019170105808888872,0.5275868950312198,0.09585052904444435,-0.07458716988728384,0.03125,802,0.12764602896705396
HRS,meaningful_0.2SD,8978,-0.08181709106461454,0.018392499296749087,0.4090854553230727,0.09196249648374544,-0.06291010997739155,0.0,848,0.09445310759634662
SHARE,meaningful_0.2SD,30301,-0.08153227711843222,0.016854547199725473,0.4076613855921611,0.08427273599862736,-0.13438508412367983,0.0,2840,0.09372627966073727
ELSA,meaningful_0.5SD,5621,-0.20349492902981287,0.04199711841116969,0.40698985805962573,0.08399423682233938,-0.05791437071663874,0.0,2082,0.3703967265611101
CHARLS,meaningful_0.5SD,6283,-0.2637934475156099,0.04792526452222218,0.5275868950312198,0.09585052904444435,-0.07458716988728384,0.03125,2251,0.3582683431481776
HRS,meaningful_0.5SD,8978,-0.20454272766153636,0.04598124824187272,0.4090854553230727,0.09196249648374544,-0.06291010997739155,0.0,3049,0.3396079304967699
SHARE,meaningful_0.5SD,30301,-0.20383069279608054,0.04213636799931368,0.4076613855921611,0.08427273599862736,-0.13438508412367983,0.0,10367,0.3421339229728392
