model,n,events,known_outcome_n,known_disability_events,covariate_missing_excluded_n,OR_coupled_vs_FI_only,OR_low,OR_high,p,formula,converged,fi_only_n,fi_only_events,fi_only_risk,coupled_n,coupled_events,coupled_risk,risk_difference,risk_difference_low,risk_difference_high,population,definition,outcome,mapping,p_holm_12
cohort_adjusted,18525,2097,18888,2141,363,1.0670530864452767,0.937742254833136,1.2141953542394193,0.3247764898609402,"event ~ C(state, Treatment(reference='fi_accumulation_only')) + age_baseline + male + education + baseline_fi + C(cohort)",True,3910,464,0.11867007672634271,5738,745,0.12983617985360754,0.011166103127264834,-0.0021901975942745823,0.02452240384880425,ELSA+CHARLS+HRS,primary_sign,disability,ELSA 6-8-9; CHARLS 1-3-4; HRS 8-10-12,0.5169227013373321
covariate_adjusted,23392,1710,23392,1710,0,1.1296588576867141,0.9650411157875226,1.3223572694192058,0.12923067533433302,"event ~ C(state, Treatment(reference='fi_accumulation_only')) + age_baseline + male + education + baseline_fi",True,3150,252,0.08,6856,606,0.08838973162193699,0.008389731621936986,-0.003225076593424721,0.02000453983729869,SHARE,primary_sign,disability,SHARE 4-5-6,0.5169227013373321
country_adjusted,23392,1710,23392,1710,0,1.101083036295456,0.9397018094616622,1.290179332007643,0.23371465123648705,"event ~ C(state, Treatment(reference='fi_accumulation_only')) + age_baseline + male + education + baseline_fi + C(country)",True,3150,252,0.08,6856,606,0.08838973162193699,0.008389731621936986,-0.003225076593424721,0.02000453983729869,SHARE,primary_sign,disability,SHARE 4-5-6,0.5169227013373321
cohort_adjusted,18525,2097,18888,2141,363,1.1048030732560208,0.9683505090096755,1.2604834915863639,0.13839188097535382,"event ~ C(state, Treatment(reference='fi_accumulation_only')) + age_baseline + male + education + baseline_fi + C(cohort)",True,4274,497,0.11628451099672438,4641,626,0.13488472312001723,0.018600212123292853,0.004854297632119971,0.03234612661446573,ELSA+CHARLS+HRS,cohort_median,disability,ELSA 6-8-9; CHARLS 1-3-4; HRS 8-10-12,0.5169227013373321
covariate_adjusted,23392,1710,23392,1710,0,1.2210948251077192,1.0550576076422908,1.4132617604046394,0.007390866890401584,"event ~ C(state, Treatment(reference='fi_accumulation_only')) + age_baseline + male + education + baseline_fi",True,4608,353,0.07660590277777778,5398,505,0.09355316783994072,0.016947265062162944,0.006023967303471078,0.02787056282085481,SHARE,cohort_median,disability,SHARE 4-5-6,0.06651780201361426
country_adjusted,23392,1710,23392,1710,0,1.1935522042357216,1.0301157241014405,1.3829192496586584,0.018529377816939308,"event ~ C(state, Treatment(reference='fi_accumulation_only')) + age_baseline + male + education + baseline_fi + C(country)",True,4608,353,0.07660590277777778,5398,505,0.09355316783994072,0.016947265062162944,0.006023967303471078,0.02787056282085481,SHARE,cohort_median,disability,SHARE 4-5-6,0.12970564471857515
cohort_adjusted,18525,2097,18888,2141,363,1.1390818244045116,1.0028228258252032,1.293855075168455,0.045142003070646176,"event ~ C(state, Treatment(reference='fi_accumulation_only')) + age_baseline + male + education + baseline_fi + C(cohort)",True,4757,551,0.1158293041833088,4691,639,0.1362182903432104,0.02038898615990159,0.007007790522413,0.03377018179739018,ELSA+CHARLS+HRS,meaningful_0.2SD,disability,ELSA 6-8-9; CHARLS 1-3-4; HRS 8-10-12,0.22571001535323088
covariate_adjusted,23392,1710,23392,1710,0,1.2238400883792795,1.0530652894793868,1.4223093068281416,0.00843182485294768,"event ~ C(state, Treatment(reference='fi_accumulation_only')) + age_baseline + male + education + baseline_fi",True,3988,304,0.07622868605817452,5954,551,0.09254282835068861,0.016314142292514086,0.005268216156767629,0.027360068428260543,SHARE,meaningful_0.2SD,disability,SHARE 4-5-6,0.06745459882358144
country_adjusted,23392,1710,23392,1710,0,1.1894050108532663,1.0222925386260224,1.3838350828073311,0.024744117534429715,"event ~ C(state, Treatment(reference='fi_accumulation_only')) + age_baseline + male + education + baseline_fi + C(country)",True,3988,304,0.07622868605817452,5954,551,0.09254282835068861,0.016314142292514086,0.005268216156767629,0.027360068428260543,SHARE,meaningful_0.2SD,disability,SHARE 4-5-6,0.14846470520657828
cohort_adjusted,18525,2097,18888,2141,363,1.268488286647371,1.0930029855041816,1.4721483424122146,0.001744758540498242,"event ~ C(state, Treatment(reference='fi_accumulation_only')) + age_baseline + male + education + baseline_fi + C(cohort)",True,4450,530,0.11910112359550562,2459,387,0.15738104920699472,0.0382799256114891,0.02102489618602074,0.05553495503695746,ELSA+CHARLS+HRS,meaningful_0.5SD,disability,ELSA 6-8-9; CHARLS 1-3-4; HRS 8-10-12,0.019192343945480663
covariate_adjusted,23392,1710,23392,1710,0,1.3051724876453121,1.106759198717801,1.5391561456907312,0.0015475437670451162,"event ~ C(state, Treatment(reference='fi_accumulation_only')) + age_baseline + male + education + baseline_fi",True,3578,315,0.08803801006148687,3149,361,0.11463956811686249,0.026601558055375618,0.012109646053509157,0.04109347005724208,SHARE,meaningful_0.5SD,disability,SHARE 4-5-6,0.018570525204541395
country_adjusted,23392,1710,23392,1710,0,1.2688741044252945,1.074911186061249,1.4978367643383625,0.004901529476082273,"event ~ C(state, Treatment(reference='fi_accumulation_only')) + age_baseline + male + education + baseline_fi + C(country)",True,3578,315,0.08803801006148687,3149,361,0.11463956811686249,0.026601558055375618,0.012109646053509157,0.04109347005724208,SHARE,meaningful_0.5SD,disability,SHARE 4-5-6,0.04901529476082273
