bootstrap,delta_auc_apparent,delta_auc_test,delta_brier_apparent,delta_brier_test
1,0.0007868296305794109,0.00029877052554239114,-5.81601203897969e-05,-5.329819529860391e-05
2,0.0015217485495609973,-0.00020573583675309592,-0.0001692619256823541,-5.1684149878342134e-05
3,0.00108225195715983,0.00023128046269216274,-7.428946090397293e-05,-6.151047546604227e-05
4,0.00012086511838527159,0.000305505017835328,-2.1462999936813776e-05,-3.191910065793169e-05
5,0.00017278265274400795,0.00013014696636082235,-7.463593738549212e-05,-2.4705892166118626e-05
6,0.0007527607740275277,0.00022625862145631004,-7.340430700379652e-05,-4.30148415643955e-05
7,-1.1953900590055966e-05,0.0001300598824088839,-1.4969840416031999e-05,-1.5768096498960937e-05
8,0.0007714840326942252,0.0003307883919182464,-5.855112637762061e-05,-5.874617147154371e-05
9,0.0007103628881407476,0.00021577951922446825,-9.379601466620591e-05,-5.5202469028403645e-05
10,0.00036179509604139515,0.00037592690707177745,-2.7026242465644224e-05,-5.065817892714597e-05
11,0.001106049046794011,-0.00019586632218571154,-0.00011389636881981025,-5.049221534218773e-05
12,0.0005108714449800766,4.020375786950581e-06,-0.00011205197455570193,-5.332233646328233e-05
13,0.0012023405157484124,-0.0002873625278219105,-0.00016169969762515335,-4.780949324358075e-05
14,0.00030813486370151466,0.00025403840216497997,-9.292752346323763e-05,-5.687947213567357e-05
15,0.0004650872239069237,0.00016065537756748682,-9.271481446694596e-05,-5.450922884664422e-05
16,0.0010865334367808899,9.609714110347944e-05,-8.643315941232743e-05,-5.9299904572138185e-05
17,0.0016993424322498951,-0.00020033663172513982,-0.00019897106174041057,-5.828207312438827e-05
18,0.00011377972766535294,0.0001183616048481273,-2.8254221812920588e-05,-1.5907746508586618e-05
19,0.0010663827074709475,0.00012785375562307522,-0.00010988093598726656,-5.3673274759677425e-05
20,0.00026167720412584305,0.0003295401886053151,-3.282939056376e-05,-4.145667672179887e-05
21,0.0005675949663119795,0.0003835032109014147,-5.025183726942162e-06,-4.323583320889335e-05
22,0.0005753127382739365,0.0003669862879931429,-7.016185493528837e-05,-6.220312161238362e-05
23,0.000877237062861802,0.0001882319623880413,-5.788370218222372e-05,-3.289743394513378e-05
24,0.001309529576344226,7.677901773694984e-06,-0.00011666367125584554,-6.468001760520647e-05
25,0.0009297600909781156,3.008750543842531e-05,-0.0001038202579646541,-5.082964747368801e-05
26,0.0008847817194893581,0.00010741805487191058,-8.441019289000262e-05,-6.197048646246206e-05
27,0.0001425153649605715,0.0003713114576123777,-3.218948970470925e-05,-5.1048561729175046e-05
28,0.0004120021037048449,0.00031871275056516435,-6.250756127762491e-05,-5.584615437945195e-05
29,0.0007034165625303679,0.0003067241931641318,-6.846395587715992e-05,-4.7087382017391155e-05
30,-1.779904138576871e-05,0.0003739239761744173,-2.6540113234385654e-05,-4.364601555520431e-05
31,0.00011202843978752597,0.000253806178292848,-2.929049893157787e-05,-3.2933426669046195e-05
32,0.00036379486097937175,0.00032303792018451016,-4.030412882082002e-05,-4.8161027538171086e-05
33,3.366249425307277e-05,0.0003707018699479203,-6.96542605475442e-05,-4.951785435200473e-05
34,0.0005593244793328234,0.0003689311629226921,-0.00010691257826145328,-6.266418611594604e-05
35,0.0004494642622359102,0.0003530818836467997,-8.771581495338465e-05,-5.974981066096674e-05
36,0.00013763275700051647,0.00039528857241410975,-4.929017821454773e-05,-4.65821230789254e-05
37,0.0014501393120140982,8.288940837375414e-05,-9.157340331240882e-05,-4.551983030459672e-05
38,0.0008967708895570858,8.738874589697687e-05,-9.961499747332403e-05,-4.666704395817067e-05
39,0.0010195417452509847,0.00010053842265889124,-7.806857164771586e-05,-3.365177090115801e-05
40,0.00014616847971271607,0.00028887198299099026,-2.733404594745803e-05,-3.506732200875273e-05
41,0.0002488191625573677,0.00035012102927645117,-6.040245191089866e-05,-5.8587378346880437e-05
42,0.00031794345742386376,0.0003761301029598929,-3.4540596294221904e-05,-5.310777434415492e-05
43,0.0013267025915686403,0.00020741945982649668,-9.763466631659834e-05,-6.619964797727196e-05
44,0.0013455184916645324,-0.0002617308179307942,-0.00015462378538645682,-5.019480473872351e-05
45,0.0005566355825533664,0.00024454625139003205,-0.00011382481795201016,-5.561154786394573e-05
46,0.001153167338981964,0.00013662020679761078,-0.00011856620956450514,-5.272875523333609e-05
47,0.00022605302604850053,0.0004491645107581599,-7.483230942517682e-05,-5.5463487883794516e-05
48,0.0003622515631622747,0.00042405530457967355,-2.9270497150596375e-05,-4.673598129920076e-05
49,0.0006824453629761251,0.00040211014865920713,-3.581929142658369e-05,-5.7906506985408446e-05
50,0.00012724386123663667,0.00040315515608402297,-4.7391905275334656e-05,-4.948645943778085e-05
51,0.00045576423480131467,0.0004320670281695582,-6.335317614315772e-05,-5.318851353786069e-05
52,0.0018911731590075531,-0.0001390585574555514,-0.00012438555386930228,-5.917396978238898e-05
53,0.0007434238386209158,0.0002831534701387417,-5.898077520123668e-05,-6.0458250880385256e-05
54,0.00046601871212492707,0.0003627482023258466,-6.619316450552637e-05,-5.94229371377597e-05
55,0.0006551705189443702,0.0003951144045100108,-3.990573872850178e-05,-5.1149385025706096e-05
56,0.00010539615036098127,0.0003539527231675166,-3.522416897890068e-05,-3.877195047431725e-05
57,0.0011066235151581116,5.696741864213983e-05,-0.0001345801962315818,-5.915439102371911e-05
58,0.001026005291941967,0.00029316812462620856,-6.337301013847885e-05,-6.138536367036873e-05
59,-8.903775574564676e-05,0.00038022304870699575,-3.278168933273928e-05,-4.5697539641065266e-05
60,8.03907159652173e-05,-0.00021072865000493213,3.0304771145989173e-06,1.6517966253570826e-05
61,0.0002726035836003726,0.0003831258471092003,-8.906536771893792e-06,-3.856489744960556e-05
62,0.0004168178880228357,0.00032062859751058603,-8.05894146155145e-05,-6.063367156257382e-05
63,0.0004476706359286542,0.000330178804253789,-7.026679844364392e-05,-5.8493560192066085e-05
64,0.000479897099269988,0.00038179055984399746,-2.6895817534511313e-05,-4.9294553431999955e-05
65,0.0005849753993850682,0.0003375519121953108,-9.076266812950429e-05,-5.803414391587769e-05
66,0.0006001891552841476,0.00018727403891527494,-8.112086031765442e-05,-6.123753275062704e-05
67,0.0003187162008341238,0.00029392285221085945,-2.44829477062114e-05,-4.511293240520853e-05
68,-1.5589315421449257e-05,7.191683041352093e-05,-9.913656414811678e-07,-8.19493799285309e-06
69,0.00015662252231862794,0.0003675087917054398,-3.2275931482653175e-05,-4.364186777759682e-05
70,0.00017256267978316142,0.00034843740620316144,-5.403086976328575e-05,-4.601064007547784e-05
71,0.00035639257483333076,0.0003925018859480822,-2.225396746712016e-05,-4.2986555834179097e-05
72,0.00017255251558112583,0.0004029519601957965,-8.209159548384914e-05,-6.232329656366553e-05
73,0.0005423052226627423,0.000311542838511758,-0.00010078963425816378,-5.283728961733014e-05
74,0.0010333541876182961,0.0002576378721838024,-6.880938775818968e-05,-5.675919872938362e-05
75,0.0005484665533999067,0.0002624855455153341,-0.00011998113045917635,-6.213410883380843e-05
76,0.0003053290779483353,0.00017191823536788498,-9.9748873482991e-05,-4.6868639237154786e-05
77,0.00029182918639314437,0.0003387420595402091,-8.949518135829837e-05,-5.8418710392416084e-05
78,0.0006102561047054422,-1.876659166999417e-05,-7.496861939935984e-05,-3.9912751101697785e-05
79,0.0008004514102746274,0.0003622547265975662,-6.959434650904983e-05,-5.884357014532271e-05
80,0.0002490680389728439,0.0004265807391894416,-7.774182972047905e-05,-5.755997664930179e-05
81,0.0016278466333261576,-1.060972815991601e-05,-0.00013957230143547827,-5.070837691520391e-05
82,7.261946747172399e-05,0.00036509946903173773,-2.0880050157226493e-05,-3.431593701677671e-05
83,0.0008389145000675668,0.00025711536847128347,-9.139743628207297e-05,-6.0717604562748884e-05
84,0.0008930602355405881,7.046543121247417e-05,-0.00011289008504952736,-5.025584397159999e-05
85,0.00036911806614625675,0.00039671094363136206,-4.594428721634014e-05,-5.174887537337525e-05
86,0.00039259385131718005,0.0003300917203017395,-6.385182156892766e-05,-5.463753603920929e-05
87,0.00031228133094785004,0.00037531731940732005,-3.582707601840207e-05,-5.055985148152975e-05
88,0.00040927955073044586,0.00033897428341223,-2.9684627955522958e-05,-3.262516813958005e-05
89,0.00045722810877013575,0.00026219526567516915,-5.115995018734054e-05,-5.307408268720448e-05
90,0.00017303299719040321,0.00035798761294625336,-3.085218085949193e-05,-4.174748065831346e-05
91,0.00016528315284936035,0.0004098025644250214,-6.080066497193837e-05,-5.184208863472095e-05
92,8.269226806167929e-05,0.00036254500643784215,-2.4647679426337277e-05,-4.51185483688471e-05
93,0.0011583065738809406,8.10316173961434e-05,-0.00013618026487363655,-5.556645330725973e-05
94,0.0013844035678598487,8.814347348151674e-05,-0.00014641346878793704,-6.207363123937604e-05
95,0.0008214427450005113,0.0003919503542516578,-0.00012711329616067746,-5.8511781912462535e-05
96,0.000754379306697972,0.0002949098036675313,-8.20877814012716e-05,-4.98380111799146e-05
97,0.0007955527958699582,0.0003144166089300571,-0.00011012052718173404,-6.336503832418683e-05
98,0.00012538603736678144,0.0001445158184515405,-6.73154917734814e-05,-4.318216265465635e-05
99,0.0005034708880861105,0.00024306582420485778,-7.112911415815826e-05,-5.850497085788109e-05
100,0.0007186801322627279,0.0001851549960817378,-0.00011903340043643851,-4.796150767849561e-05
101,6.68107496287762e-05,0.00036298042619808957,-2.0659297739353266e-05,-4.2807734487365634e-05
102,0.0007903154434760751,0.00020654862030566878,-9.067330171837196e-05,-5.535013641125297e-05
103,0.0012951417860012082,0.00012172885099448472,-9.158923138223585e-05,-6.094968992348404e-05
104,0.0007593294077137269,0.0004164790007500363,-6.243743919476241e-05,-5.377885486194944e-05
105,0.0006611406519564378,4.706887609118304e-05,-9.330576078851738e-05,-1.2297787776061053e-05
106,0.002240219508231167,-0.00041073145991377125,-0.00018009011556813226,-2.481148978704384e-05
107,0.00045836410047028764,0.0002793798322157093,-5.0034653350253255e-05,-4.0006775657894234e-05
108,0.0015968012950328125,-0.00015310810172197709,-0.00013300089504757195,-5.3709919746458556e-05
109,3.955832795887737e-05,0.00038449016235808653,-6.387913692265657e-05,-5.836379358281629e-05
110,0.00045172252124736634,0.00034916310580379584,-5.28222809846185e-05,-5.43259968756038e-05
111,6.95086824976654e-05,0.00022829058033790872,-1.0140191249896624e-05,-2.8623069357192055e-05
112,0.00044788918029103897,-0.00010753416680797656,-4.080368000410062e-05,-3.005712212941769e-06
113,0.0004534592697756912,0.0003809487483075191,-5.422606272796615e-05,-5.5206542150493254e-05
114,0.00041265556229896916,-2.1045288414178742e-06,-4.682663997079839e-05,-1.651489780485349e-05
115,0.00011119291244177099,-0.00031940942218167123,-2.3676399316899244e-05,1.8921535966873182e-05
116,0.0006495711063932985,0.0003306722799821804,-3.734161942366143e-05,-5.090108403042748e-05
117,0.001249422102527431,0.0002184791217384463,-9.482914339885296e-05,-6.537545106423404e-05
118,2.0724483376088898e-05,0.0003916891023956204,-3.5493017360152535e-05,-4.5358496275890725e-05
119,0.00046381771421288853,0.0003190610863734733,-0.00014735308027012672,-6.312780973587173e-05
120,0.0005956651624907661,0.00047154508643898474,-2.6399464920390248e-05,-4.767557825745283e-05
121,0.00019344859290848504,0.00023067087502770534,-1.7396778863934537e-05,-3.0509066863401713e-05
122,0.00048776046485787816,0.00017586604119490534,-0.0001193169597544369,-6.133479104596107e-05
123,0.00042640465152332663,0.0003774363622408572,-8.380480259090328e-05,-5.856424308668673e-05
124,0.00023248727336189212,0.0003226605563920737,-6.142141227377662e-06,-3.615377210465509e-05
125,0.00019865546184982819,0.0003808326363713421,-5.2399201171421383e-05,-6.344363340368697e-05
126,0.0002620496250859139,0.00043662442166081394,-3.7197737110847284e-05,-5.194425427854088e-05
127,0.00019388307836221141,0.0003377551080833152,-2.3622699588790597e-05,-4.0470638843895235e-05
128,0.00010876277451621341,0.00033682621259456536,-4.6402550172852663e-05,-4.800801367225993e-05
129,0.0013641661829898455,0.00020559069683301345,-0.00010114009697832771,-5.705288685869947e-05
130,0.0006003392656757089,0.00017284713085663483,-0.0001220360408391713,-5.176267854889449e-05
131,0.0005949241245619685,0.00030405361863428126,-8.51328292019865e-05,-6.530591094806859e-05
132,0.001967467833381642,-0.00018138135815892742,-0.00018892038228970898,-5.398487868352175e-05
133,7.164608585386034e-05,0.0003692504707469846,-3.49982224539247e-05,-4.3576197101338754e-05
134,0.0005748833102185991,0.00037479481569502315,-4.592248659002207e-05,-4.7177147454849355e-05
135,0.0004696443809865114,3.714130555565465e-05,-2.8071942790891535e-05,-1.4532915392426182e-05
136,0.0002850195230504893,0.00039308244562863415,-4.296910764269024e-05,-5.006516816544182e-05
137,0.0009235017460403894,8.236690466134622e-05,-9.30522684687296e-05,-6.450696015615487e-05
138,0.0011911408443967542,0.00016318081217747693,-0.00011680332840870167,-5.725436636366821e-05
139,0.00024354476482690846,0.00013905855745544038,-5.0002945411381505e-05,-2.2490844804587407e-05
140,9.535185452147488e-05,0.0003383066397797396,-2.5932087501887024e-05,-4.159480706469876e-05
141,0.00030891002318944594,4.4078993736818006e-05,-4.423436731371133e-05,-1.3522633407717088e-05
142,0.0014814609642103127,6.672082127368029e-05,-0.00011017406187299739,-5.314541523095129e-05
143,0.002113032788918723,-0.0002461427905111613,-0.00014813124603189898,-4.0316499754194934e-05
144,0.00011525989639438183,0.00026805891844738916,-1.871492251910578e-05,-2.435425498230337e-05
145,0.00011805859354208081,0.0003804552725791277,-5.868851775382711e-05,-5.170004011281759e-05
146,0.00044432555943729746,0.0003976108111359844,-5.5297236023141294e-05,-6.144899584362151e-05
147,0.0007165666358880385,0.00010753416680797656,-8.21425691243105e-05,-5.137868124725775e-05
148,0.00010562738821084938,0.0003367681566266434,-2.91613573545485e-05,-4.3973161696686525e-05
149,0.0003034136215889216,0.00039459190079760287,-3.508085725023591e-05,-4.423439690547093e-05
150,0.0002834201686342519,0.00040974450845676635,-6.609779091122647e-05,-5.06747438264038e-05
151,0.000642305028592971,0.0003508177008930691,-9.52498317009498e-05,-6.204821118592496e-05
152,-7.293435324573494e-07,0.00029133936163283636,-1.0239222936650472e-05,-3.424713742249119e-05
153,0.0007287848134185371,0.0002492197568174648,-6.999345517987032e-05,-5.646806337575305e-05
154,0.0004474901596123182,7.461643292749898e-05,-0.00012203684227370115,-3.819200194186967e-05
155,0.000583482467959473,0.00038533197389489793,-9.013215343856018e-05,-5.921910067614722e-05
156,0.0014397070443080695,0.0001828908133282292,-0.00012424636472642414,-6.588410671723444e-05
157,-8.628817048594861e-05,0.0002768834255899577,-1.1589671963282977e-05,-2.8929836934060704e-05
158,0.001237410953897733,-0.000217521198265902,-0.0001756368121785673,-3.876967575294765e-05
159,0.0011302051442753092,0.00014364497893093464,-0.00011626790966243195,-6.096280695429279e-05
160,0.000736409999717802,0.0002564477248387931,-8.193475538695316e-05,-6.33817595114966e-05
161,0.00010048219721225937,0.00031447466489809006,-2.805029041562379e-05,-3.3400001833619464e-05
162,0.001298618853186495,0.00018338428905662063,-8.737434624773999e-05,-6.078436163395318e-05
163,0.000248997433737963,0.00048225641254284746,-5.017938280063583e-05,-6.188715840817205e-05
164,0.0005488385744200075,0.00024228206863641244,-7.692560359848222e-05,-2.864183565455536e-05
165,8.255758596686924e-05,0.0004084382491760241,-5.7059337365938934e-05,-5.4644566961400964e-05
166,4.40811073078029e-05,0.0003117460344000955,-1.7297481393188652e-05,-3.2602669888845415e-05
167,5.462751547014033e-05,0.00030347305895384036,-4.0762135511407394e-05,-4.720137869736185e-05
168,0.0007485113707107471,0.00029699981851727397,-6.50736678016045e-05,-6.219769160829836e-05
169,0.0005497593832679559,0.0002675654427192198,-0.0001072366479556719,-5.177345142544365e-05
170,0.0008623343213297607,0.00022321068313402304,-0.00010047248798908393,-5.588769743761213e-05
171,0.0016724460799181218,-9.52263015828736e-05,-0.00011830118753709817,-4.442084725288231e-05
172,0.00035353228309764617,0.00042335863296305565,-2.027295376261229e-05,-4.519628921358099e-05
173,0.000837603407102705,0.00017798508402844249,-0.00012835987435040608,-6.083351283965588e-05
174,0.0001459374442907002,0.00040086194534627584,-5.417478870625714e-05,-4.676718636051347e-05
175,9.455067947372608e-05,0.0003853610018788034,-4.892096333375395e-05,-5.5200167994484683e-05
176,0.0012861515356300535,0.00010599568365499135,-7.594703216719234e-05,-5.507146031361043e-05
177,0.0007414503744960221,0.000296651482708743,-6.869910560684811e-05,-5.315119111247435e-05
178,0.0005669292973464746,0.00047825055074801615,-6.14655004702036e-05,-5.9487148913947574e-05
179,0.00011831765716208142,0.00039105048674703546,-8.449076721020465e-05,-5.375846177908816e-05
180,0.0014657103214359424,-0.0001414678801292535,-0.00015858341677124632,-4.6557881802092305e-05
181,0.00012099518222996597,0.0003015572120084187,-2.1952953595832936e-05,-3.891460151027315e-05
182,6.130598015674504e-05,0.0001284923712715491,-7.108722132448397e-05,-2.9860148171759193e-05
183,0.0006679158048226164,0.0003934307814369431,-4.5064218311283155e-05,-5.871096773353568e-05
184,0.0009215373741702226,0.00024318193614103478,-0.00011961395636808647,-5.786118883943647e-05
185,0.00045931494593653976,0.0003872768488242251,-7.242627792361511e-05,-5.7783583769482894e-05
186,0.0021268656803394848,-0.0001714537876237321,-0.00015604202763153108,-4.0950495094352335e-05
187,0.0001506240794661995,0.00038489655413431745,-3.8379196386092995e-05,-4.286614623737195e-05
188,-7.647917801278936e-07,0.0003598744319077696,-5.352451276875725e-05,-5.258577164390932e-05
189,0.0007589384588506665,0.00035830692077065684,-9.507703314906579e-05,-6.075744521352733e-05
190,0.00030738154447684796,0.0002587989915445732,-0.00012034990461767814,-6.230099180519477e-05
191,0.0008277510421926815,0.0003667250361369945,-7.592194696685872e-05,-6.4066199392393e-05
192,0.0005850275121046522,0.00027557716630921547,-6.638955363519328e-05,-6.094821046433163e-05
193,0.00018196636232625796,0.000351107980733234,-1.7160417730921473e-05,-3.69978259369963e-05
194,0.00035229093154043323,0.0003427479213350404,-7.29197136152826e-05,-5.309775955757157e-05
195,0.001200424599151595,5.7547978322913806e-05,-0.0001201516015147952,-5.755567798514105e-05
196,0.0015163045485218074,0.00014210649577772738,-7.522424321736165e-05,-6.152018659016933e-05
197,0.000707860967939844,0.00033133992361455977,-9.515267540019523e-05,-5.18407902496687e-05
198,0.00022919407312094187,0.00018837710230812377,-9.655500821895147e-05,-5.563906237804339e-05
199,0.00043691741288076624,0.00027981525197628976,-8.061551537724698e-05,-4.203990668927293e-05
200,0.001278149830090669,-3.4557814977742574e-05,-0.00011560389569773011,-4.413403433925489e-05
201,0.0004419528022944208,0.00027804454495095055,-6.573065492428143e-05,-5.8259167141680446e-05
202,0.0016073230172521935,8.577769278317326e-06,-0.00012157346050535589,-4.0519519760515155e-05
203,0.0002288889628824231,0.00034071596245355273,-7.646822103957174e-05,-6.117905346579577e-05
204,0.001653255112467944,-4.3527462040393594e-05,-0.0001276246638003964,-5.801524162019067e-05
205,0.00035604644859454915,0.0004194688831042903,-3.5382905797382014e-05,-5.06942740794436e-05
206,8.108306840337587e-05,0.0003809777762915356,-5.7266572349834455e-05,-5.184107752070899e-05
207,2.3574546438198674e-05,-0.00032297986421636615,-2.494538737934926e-06,2.5924001799196295e-05
208,0.0005714873769615547,0.00035882942448295374,-5.4477599931490595e-05,-6.444949171742487e-05
209,-8.311292472173992e-05,0.00018425512857722648,-2.5847858503610932e-05,-1.9838482025122395e-05
210,0.00012175632621658217,0.0002136604763909311,-2.7143621283809427e-05,-2.859726152880382e-05
211,4.277554518483662e-06,0.0002850112611161304,-3.7917796942399384e-05,-3.452968454072114e-05
212,0.001249233119830162,-9.28750348772045e-05,-0.00011484094142201473,-4.300856916469864e-05
213,0.0008169626835610178,0.00020138163914984464,-8.981188499675163e-05,-6.520768742365735e-05
214,0.0004103027217562394,0.00031644856781154473,-2.5911159226718605e-05,-3.934519512355239e-05
215,0.001015408905291726,0.00038814768834494195,-5.561415150562299e-05,-6.319039924129743e-05
216,0.0015509392832713242,1.6647548836346004e-05,-0.00010133301403471295,-3.497101949316572e-05
217,0.0004171844380880252,0.00043270564381814314,-4.5677266248364545e-05,-5.479902263966219e-05
218,5.27893360406928e-05,0.0002875947516941535,-4.462652126566158e-05,-3.914467722071491e-05
219,0.0007862880133091554,0.0003262890543946906,-5.6503048308009785e-05,-5.6402070183828035e-05
220,0.0006609125979636365,0.0003262019704426411,-5.426820057098658e-05,-5.66029789935002e-05
221,0.0003886416475884502,0.0003605130475563545,-2.3832340696763876e-05,-4.693206741698819e-05
222,0.00038842296161967216,0.0003009476243439613,-7.169789796077075e-05,-5.584864645363785e-05
223,0.0005153260571417739,-4.027632782999113e-05,-5.2850986218766494e-05,-1.7300616025894833e-05
224,0.0005089408803150564,0.00034367681682367923,-7.355816065326981e-05,-6.203488821505954e-05
225,2.2314962670133554e-05,0.0002858821006366252,-3.755958007607696e-05,-4.2541139979965226e-05
226,0.0010024832773245507,-0.000412415082987061,-0.00024420104223034367,-3.341970091964852e-05
227,0.00020752505759502604,0.00048240155246304095,-4.823741517355484e-05,-5.394096453495423e-05
228,0.00085501129903931,0.00023937927023431893,-8.708780178219577e-05,-5.4123730036936823e-05
229,0.002077174751635713,-0.0002474490497922366,-0.0001589834220713654,-4.5004060305733895e-05
230,-9.145265739596287e-05,0.0002712519966896476,-1.5589544352462292e-05,-2.8123874901198054e-05
231,0.0006462557825814841,0.00036623156040849203,-4.186399629320381e-05,-5.906816417926286e-05
232,0.0006820791973954909,0.00041862707156758994,-7.141877515957906e-05,-5.635720708110914e-05
233,9.289903610620875e-05,6.5182338120362e-05,-4.999290290103042e-06,-6.6355333379897186e-06
234,0.0019761363510364394,-0.0005068140870252424,-0.00024767061846979466,-4.3919002921666284e-05
235,5.977461010764351e-05,0.00022965489558712804,-9.306877055248464e-06,-2.2409410887769265e-05
236,0.0004150973859764484,0.00016843487728523954,-0.00011649387492869423,-5.37304880049716e-05
237,0.0008080669317617195,0.00019168629248667024,-6.034010579793192e-05,-4.57921546787865e-05
238,0.0004647652679676817,0.0002241395786227729,-0.00011310935176299386,-6.595694116499906e-05
239,0.0004007508927719172,0.000424316556435933,-4.961540298280276e-05,-5.558673201824793e-05
240,0.00010758651377851258,0.0002869561360456796,-8.359702357384202e-05,-5.617983471878363e-05
241,0.0003270923836690143,0.0003208898493669565,-7.817196766254919e-05,-6.415601594433884e-05
242,0.0013499009954007768,0.0002081741874108145,-8.216552649828457e-05,-6.095233819010393e-05
243,5.771947277466438e-05,0.0003186546945972424,-2.056003326357525e-05,-4.1818032916224324e-05
244,0.0009380601176437464,0.0003187127505650533,-6.851022099793602e-05,-6.061399707509019e-05
245,0.00026448298851122765,5.696741864258392e-05,-5.081558658411034e-05,-3.078977189477361e-05
246,0.0009545172685583303,-8.529873104756724e-05,-0.0002161644362453502,-5.207091881141712e-05
247,0.002449940890845048,-0.000546350201262813,-0.00020566590971549115,-4.8218407101244254e-05
248,4.93646317796248e-05,0.00037430133996663173,-2.077918076399954e-05,-4.406252126605559e-05
249,2.8247350544741145e-05,0.00022553292185589768,-1.2780904964551643e-05,-2.618754382364974e-05
250,0.00038380679805560813,0.00037044061809177187,-6.7281893778387e-05,-5.9745964628793446e-05
251,0.00014358411147885608,0.0002827761063465273,-2.178999182277097e-05,-3.6551147225061253e-05
252,0.0008496552768684218,-6.042174874099082e-05,-0.00020941104785672515,-5.212715315629224e-05
253,0.0006026628785357202,0.0003630384821662336,-7.986227178503891e-05,-5.289911698218297e-05
254,0.00020288437902904466,0.000375549543279563,-2.9238300213008106e-05,-4.4580919111844586e-05
255,6.756993872558681e-05,0.00038338709896534873,-5.596517075742713e-05,-4.822400805394589e-05
256,0.0009948724668440434,0.00031020755124688826,-6.932993172265034e-05,-5.900110610392029e-05
257,0.0006449682665803369,0.0002729936757311924,-7.966039219266252e-05,-4.896296402426281e-05
258,0.00018383780320319065,0.00045241564496867337,-2.6513379389872527e-05,-4.789268943075631e-05
259,4.227005870838241e-05,-7.368753743897116e-05,-1.4443842696887366e-07,6.882956934503581e-06
260,0.0007045727228035537,0.00032739211778765043,-7.191210370238732e-05,-5.8644456403064704e-05
261,3.512357758950202e-05,8.712749404093945e-05,-6.03598290496582e-05,-2.936497766908852e-05
262,0.0003227247902288788,0.000354155919055521,-4.902469813679311e-05,-6.080086652933414e-05
263,0.0008822599646841622,0.0001227738584195226,-0.00010000943671872875,-5.834259697347355e-05
264,-3.928212607806625e-05,0.00022213664772530173,-8.636046511897866e-06,-2.6001522087190643e-05
265,0.0005865375752014401,0.00029383576825869895,-0.00010034600127303839,-5.0289853149060315e-05
266,0.000664517293693212,0.00022727460089710938,-0.00010915892177879027,-6.167292226114118e-05
267,0.000978001520159144,0.00016666417026001135,-0.00011966777052986599,-5.6657696130904545e-05
268,0.001059462442037029,0.00013061141410519728,-9.64840823994284e-05,-3.7657429039841817e-05
269,0.0019634425773502606,-0.0007097777513043191,-0.00010888426628172243,2.4961306048232323e-06
270,0.0005936900386311894,0.0004272774108059485,-5.96380548706088e-05,-5.873523820898452e-05
271,0.00019297479176361154,0.0004602241726706646,-3.815745343056787e-05,-5.071317913170337e-05
272,0.000426555298705944,-6.793999660259509e-05,-0.00010134086217633564,-2.4357392267859712e-05
273,0.001365152007628434,0.00016155524507210917,-0.0001239868027256702,-5.62041268500485e-05
274,0.0013548792434553425,-0.0001962146579940205,-0.00010693151309461302,-5.923177493465104e-05
275,0.0008120700632443523,0.00012184496293066172,-0.0001004495198046601,-5.7661819949442195e-05
276,0.0010553292544001058,3.380308739309168e-05,-0.00013451534898815953,-5.264645930545819e-05
277,0.0007108524424079832,-0.0003743303679506482,-9.16039929068635e-05,-6.3388440999928575e-06
278,0.0005695284676709989,0.00046556532173058773,-6.869320621891162e-05,-5.613862927862645e-05
279,0.0010816250900070878,-7.673547576103612e-05,-0.00013174455901704407,-5.437861892691742e-05
280,0.0010616642754661676,0.00010695360712764668,-8.335792236631445e-05,-5.298448959654978e-05
281,0.00031391978866612824,0.0003396419270447204,-1.6465657043579496e-05,-4.173336787220705e-05
282,0.0004234058391188178,0.0002900331023518721,-8.408522538898289e-05,-5.890891698923095e-05
283,0.00018578426391602232,0.00033160117547081924,-2.4455601248474235e-05,-4.4095663301602084e-05
284,0.0005470765043970038,0.00022106261231658042,-9.236163781738138e-05,-5.8302057369591376e-05
285,-1.840215720816385e-05,5.569018734541409e-05,-1.3600077464898108e-06,-4.416243885571602e-06
286,0.0019826517574722535,-0.0001237898378600999,-0.00011155184777543459,-3.893500405645345e-05
287,0.00033643817722328606,0.0003257665506825047,-5.2617640891733375e-05,-4.8399279961724995e-05
288,0.0019406412384427307,-0.00030588238162754244,-0.00017443564075346474,-3.798371235032294e-05
289,0.00013049184929903035,0.00035900359238716373,-1.2829532746061467e-05,-3.117997901860847e-05
290,0.0004443359202543906,0.0002819052668258104,-0.00010375532980327895,-6.203753663459877e-05
291,0.0006249971884643157,0.00027746398527050964,-0.0001003121903468962,-6.193166839459086e-05
292,0.0004619801089128517,5.342600459168345e-05,-0.00013214042991041564,-3.393585039744573e-05
293,0.0005412369812335394,0.000339264563252506,-4.182955706698299e-05,-5.285306342438234e-05
294,0.0003191461661088413,0.0002924424250257962,-1.2599276424704597e-05,-2.6905911445940234e-05
295,0.00028261143019903123,0.00025133879965111294,-4.829522516336393e-05,-3.947857116139153e-05
296,0.000246178922123641,0.00036788615549776527,-6.35055538449475e-05,-4.779676417714096e-05
297,0.0009011622385374229,0.00024033719370686324,-7.617845222036845e-05,-6.113910672878031e-05
298,0.000629285318320405,0.00030207971572071557,-9.468122117298194e-05,-5.7857014359008474e-05
299,8.936700643891182e-05,0.0003318914553109842,-1.1267194404945835e-05,-3.215310084110634e-05
300,0.0003097358365986569,0.00026294999325982005,-7.268595509347942e-05,-5.855996934824026e-05
301,0.0008342993418631872,0.00025308047869243566,-9.622899645143901e-05,-4.43412094685014e-05
302,0.0004670743765334828,0.0004509061897994826,-7.576712920037698e-05,-6.566823042153391e-05
303,0.0011307993965397056,0.0003143295249780076,-4.711323568404313e-05,-5.162143681518294e-05
304,0.00015965087964209257,0.000384403078405926,-4.1455545249591275e-05,-4.8568092241116356e-05
305,0.00012420506603905146,0.00014228066368193737,-1.1205265733574277e-05,-1.9077152882643333e-05
306,0.0010125388202376628,0.00018904474594094722,-0.0001389297617548635,-6.033907211198952e-05
307,0.00027727187873061165,0.00041569524518147993,-5.896232189082917e-05,-5.381430102455176e-05
308,-3.1765743786715817e-05,0.0002789153844716674,-2.5533515687903297e-05,-3.243369373316651e-05
309,0.0004782343987823623,0.0004280901943586324,-4.033933148187008e-05,-5.51689368026298e-05
310,0.00012302674494457655,0.00012439942552466832,-2.887937989831668e-06,-1.198873888980101e-05
311,0.0011836922296153407,0.00010840500632869343,-0.00010952516992385197,-6.066856972787582e-05
312,0.0007303485476701788,0.00021093184589293656,-9.070270958747018e-05,-5.9112902322550065e-05
313,0.0007296635799258766,0.00029984456095111245,-3.2474975362004055e-05,-5.182717351491506e-05
314,0.0007211811566163462,0.0003079143405090301,-7.048390213539035e-05,-6.423216893618189e-05
315,-6.875451649801523e-05,0.0003033569470178854,-3.064524456894424e-05,-3.588873520091185e-05
316,0.0004735592232627539,0.00043003506928807056,-3.352209522226868e-05,-4.675732050089809e-05
317,0.0006665845531519388,0.00019714355348277035,-0.00010984001151474743,-6.323631211001268e-05
318,0.0016627507506747907,-0.0003014991560403857,-0.0001253098541792036,-4.8051449609815e-05
319,0.0002508653553803253,0.00035572343019274477,-1.7196147782644333e-05,-4.262399069139555e-05
320,0.0008795770453563501,0.00020570680876907943,-8.187997226632993e-05,-6.151278441300645e-05
321,0.0002672816244663201,0.00020355873795141477,-7.86033374998163e-05,-4.8728472206466256e-05
322,0.0007509717972045138,0.00025795718000809487,-9.467953300566767e-05,-5.7789055531415334e-05
323,-8.87004733158836e-05,0.00037717511038470874,-4.862976512534645e-05,-4.195561643098589e-05
324,0.0006245416853291053,0.00040266168035563155,-7.166815778879287e-05,-6.262475506296772e-05
325,0.000707600049793311,0.00023235449810077302,-0.00011471143263058758,-6.027743406200603e-05
326,2.257067886790587e-05,0.00039174715836365337,-4.522163402492785e-05,-4.5594370511339855e-05
327,0.0003803578815042563,0.00031432952497789657,-4.43900669014341e-05,-5.308764934307264e-05
328,0.0004180355104218547,0.00014535762998824087,-7.851707821247833e-05,-2.4602286167504928e-05
329,0.00023759168685177912,0.0002914554735687913,-4.857544641052869e-05,-4.7256357600569676e-05
330,0.000788216416958365,0.00028773989161412494,-4.414381503171916e-05,-4.420939315058492e-05
331,0.0007695532580059838,0.0003136038253774842,-4.247454261574468e-05,-5.11840231241234e-05
332,6.55785771448425e-05,0.0003294821326371711,-4.099713142868833e-05,-5.46400571402178e-05
333,0.00016854854035341926,0.00045012243423103726,-4.929607633473443e-05,-5.6569632634673184e-05
334,0.0004882449284056012,0.00026474972826906473,-5.9124894269318995e-05,-4.684435873916759e-05
335,0.0006872306919489812,0.0001705248921348712,-5.8999075920371236e-05,-4.4741421978869433e-05
336,0.00024227057990366951,0.00038312584710908926,-4.417543658871703e-05,-4.7406910043651385e-05
337,0.00026190510959989144,0.00038521586195872093,-4.763618938334602e-05,-5.9105796121255993e-05
338,0.0006136523292821217,-0.0001559238161720211,-0.00011771501780681592,-2.1553939786866927e-05
339,0.0003110886729293938,0.0003524142400143093,-8.476769396320583e-05,-5.728194945929521e-05
340,0.00032586577143423057,0.0003903538151305286,-5.3596568280175894e-05,-5.6240977317795204e-05
341,5.370079646849213e-05,0.0003365359327544004,-5.0286513819636225e-05,-4.371186215336442e-05
342,0.0001884196021123552,0.0003840837705817446,-6.226968711274539e-05,-5.4427176997301485e-05
343,0.0002729605642681765,0.00037026645018745086,-3.8128729162145714e-05,-4.3297963402189055e-05
344,0.00010801626191847546,0.0003721242411649506,-8.445729627208631e-05,-5.917246671245657e-05
345,0.0009327515387224095,0.00014866682016667632,-0.00011591129463559002,-5.307170382944093e-05
346,0.0009697567132871399,0.00033630370888226846,-7.481697186814684e-05,-5.9871967454980246e-05
347,0.0009272708149236086,0.000278363852775132,-9.779877629034761e-05,-6.343406562837883e-05
348,0.0013127059062285618,-4.94927127570044e-06,-0.00010031073276610403,-5.471839008551471e-05
349,0.0009843074445553546,4.071174759034957e-05,-0.00010736412997751354,-6.13813104856642e-05
350,0.0004325336088436549,0.0002844307014358005,-4.855726394793758e-05,-5.0691128043955924e-05
351,0.0009473273811978489,0.00023104823881991976,-0.0001200856885626711,-6.225759555927857e-05
352,0.0007774011482177823,0.00011000154544993368,-0.00012820300432463128,-4.528859613087133e-05
353,0.0011604029124503423,4.126327928666296e-05,-0.00015012797567487413,-6.341136129692226e-05
354,0.0020472143042749025,-0.00011612645007830213,-0.00014636134546482105,-4.9742466988633716e-05
355,0.0002938175874401816,0.000175024229658316,-3.825984063628163e-05,-2.8160153691419998e-05
356,0.0002484899313539568,0.0004496289585024238,-1.2902059424627077e-05,-4.841587035837869e-05
357,0.0005861647114059343,0.00025987302695340553,-7.723668916420623e-05,-6.36290696873626e-05
358,-1.5808566953823266e-05,0.0002241395786227729,-1.625454902143275e-05,-2.3135469860588453e-05
359,0.0008853674274824641,0.0002826890223944778,-0.00011734468714243163,-5.4954386960875956e-05
360,0.0006838298180764646,-0.0004249842000683124,-3.0505467891253635e-05,3.20452388053033e-05
361,0.00026639658289029367,0.00039665288766321805,-5.530536201192593e-05,-5.343260001029748e-05
362,0.0015851431393205662,-0.00021244130106223835,-0.0001907791793220176,-5.016323030522518e-05
363,9.746359320172981e-05,0.0003131393776331093,-0.00011240468930817649,-5.999057276155628e-05
364,0.0006057104844428007,0.000317987050964752,-4.552091213556875e-05,-6.084539453515836e-05
365,0.0008352987758655228,0.00014175815996941843,-0.00014089373388216642,-5.926847961094939e-05
366,0.0003726615970633951,0.00021319602864677822,-2.5628250859471846e-05,-2.7774729243340568e-05
367,5.549740812027526e-05,0.0002462879304313548,-1.4812664786353902e-05,-3.1285059612945476e-05
368,0.0011618879550038264,-5.191654942271473e-05,-9.287058504697798e-05,-4.3781800206199595e-05
369,0.0002475067650137275,0.00027514174654885704,-0.0001126856762917322,-6.15866540382981e-05
370,0.00021432446265456928,0.000205213333040688,-5.872939708981284e-05,-3.5689673734837224e-05
371,1.5362981500066653e-05,6.168446604726263e-06,-1.4936439766854992e-05,6.828643160095016e-07
372,0.0006146205048581654,1.821505997368078e-05,-4.048630093821115e-05,-7.475249120314498e-06
373,0.0014100404139087974,-0.0003350555055694482,-0.00014750849307854086,-3.478437116753719e-05
374,0.0008524696594116588,0.00018730306689940246,-0.00010692541321330462,-6.002937401979047e-05
375,-5.870107710914674e-05,0.0002941841040668969,-2.198861054968082e-05,-2.699208634407424e-05
376,0.0003195879139265001,0.00039197938223589635,-2.9487605261224736e-05,-4.2643185230201164e-05
377,0.0003072546415705535,0.0002017009469741371,-4.371109546301433e-05,-3.642597610151177e-05
378,0.0005401448109507712,0.00033139797958259276,-7.176332330220692e-05,-6.0374615927408226e-05
379,0.0003194759073738007,0.0003349393936332712,-0.00010538866859194362,-6.232058263230811e-05
380,0.0013956112030036882,-0.00026396597270039734,-0.00019876998786313993,-5.3564938354733194e-05
381,0.00012133359006238909,0.0004219943177140584,-6.510338079038225e-05,-5.579859265460174e-05
382,0.0007651633517777867,0.00011537172249398431,-0.00011584776154328902,-5.344252128589022e-05
383,-9.403701711396817e-05,0.0003392935912365225,-4.9578894303722865e-05,-5.242253978152145e-05
384,0.0009681571548932899,6.110390636360208e-06,-0.00015996317957517325,-5.362910707486235e-05
385,0.00010992897549000347,6.033466478894134e-05,-6.955146519704858e-05,-1.398061758201008e-05
386,0.0003514481366281297,0.00023705703151244428,-8.470517845292347e-05,-5.8208045551080834e-05
387,0.0004495338118504222,0.0003667830921051385,-9.871342991557563e-05,-6.054835593563568e-05
388,0.0013173454282666697,4.194543691049546e-06,-0.00012200479461964286,-4.0471490522567266e-05
389,0.0002665484358822523,0.00040649337424658594,-3.406794958100978e-05,-4.775552919450421e-05
390,0.002608862544599244,-0.0008232771688286844,-0.00016025012105749803,-7.993206090795013e-06
391,0.0012107326029173748,0.00010622790752701228,-0.00012152088686935569,-6.275049167139835e-05
392,0.0014897198778435206,7.804173504211143e-05,-0.00010889947324001226,-6.275144878128969e-05
393,0.0003322883506806651,0.0003867543451119282,-5.078835033588136e-05,-5.109348786302981e-05
394,0.00032200619948885567,0.00018431318454525947,-7.598788244474186e-05,-3.973900255987983e-05
395,0.001038410658119604,0.00020579389272123993,-7.182018468677998e-05,-5.821790657649373e-05
396,0.0008124974019104725,0.0003776395581290837,-7.293092173678295e-05,-5.828049618247788e-05
397,0.0010046189376443637,0.00013827480188699504,-0.00013226342716825268,-6.105271124262623e-05
398,0.000370276461691299,0.0003008605403919118,-2.5194318743274047e-05,-3.767066693047272e-05
399,0.001198976290334941,-3.3367667632733244e-05,-0.0001967666031273546,-5.090452153441727e-05
400,0.0013864597656958466,3.5718934338513364e-05,-0.00013513536743849086,-6.334304576753602e-05
