cohort,state,n,weighted_denominator,unweighted_disability_risk,survey_weighted_disability_risk
ELSA,coupled,1312,1268.1800775324164,0.10518292682926829,0.09673737191154358
ELSA,fi_accumulation_only,840,878.4075500448222,0.07738095238095238,0.07869401909184713
ELSA,ic_decline_only,1590,1578.7119817937232,0.0710691823899371,0.06305777070659972
ELSA,preserved_low,1172,1188.7003906290379,0.06399317406143344,0.05980616178803319
CHARLS,coupled,2258,2306.044859925547,0.1536758193091231,0.13419028297204308
CHARLS,fi_accumulation_only,1629,1583.8864706303048,0.14917127071823205,0.13990112587055054
CHARLS,ic_decline_only,1309,1328.1850339240768,0.1466768525592055,0.13604223415926794
CHARLS,preserved_low,1042,1019.8836355200713,0.12859884836852206,0.11757174406076235
HRS,coupled,2654,2582.14999539345,0.09118311981914091,0.08033647848991247
HRS,fi_accumulation_only,1674,1716.8431428881313,0.08661887694145759,0.08338086818155555
HRS,ic_decline_only,2536,2473.785040421201,0.09582018927444795,0.08200773413436047
HRS,preserved_low,2102,2193.2218212972175,0.07231208372978117,0.06228235799244225
